{
  "model": "meta-llama/Llama-3.1-8B-Instruct",
  "middle_layer": 16,
  "n_layers": 32,
  "n_roles": 30,
  "role_names": [
    "guardian",
    "judge",
    "demon",
    "saboteur",
    "criminal",
    "vigilante",
    "angel",
    "assistant",
    "consultant",
    "analyst",
    "therapist",
    "teacher",
    "researcher",
    "lawyer",
    "pirate",
    "ghost",
    "witch",
    "detective",
    "warrior",
    "bard",
    "robot",
    "alien",
    "void",
    "aberration",
    "hive",
    "parasite",
    "eldritch",
    "swarm",
    "chimera",
    "echo"
  ],
  "role_groups": {
    "safety": [
      "guardian",
      "judge",
      "demon",
      "saboteur",
      "criminal",
      "vigilante",
      "angel"
    ],
    "professional": [
      "assistant",
      "consultant",
      "analyst",
      "therapist",
      "teacher",
      "researcher",
      "lawyer"
    ],
    "creative": [
      "pirate",
      "ghost",
      "witch",
      "detective",
      "warrior",
      "bard",
      "robot",
      "alien"
    ],
    "abstract": [
      "void",
      "aberration",
      "hive",
      "parasite",
      "eldritch",
      "swarm",
      "chimera",
      "echo"
    ]
  },
  "focal_layer": {
    "layer": 16,
    "cosine_similarity": -0.08684268593788147,
    "abs_cosine_similarity": 0.08684268593788147,
    "angle_degrees": 85.01800537109375,
    "refusal_norm": 7.334342956542969,
    "axis_norm": 1.8819928169250488
  },
  "per_layer": {
    "cosine_similarity": [
      -0.055459994822740555,
      -0.08994980901479721,
      -0.1243196353316307,
      -0.09957826137542725,
      -0.07637010514736176,
      -0.09208008646965027,
      -0.08340366184711456,
      -0.061531323939561844,
      -0.08004336804151535,
      -0.0891747921705246,
      -0.08578300476074219,
      -0.06487193703651428,
      -0.06685410439968109,
      -0.0813705176115036,
      -0.09309205412864685,
      -0.07697727531194687,
      -0.08684268593788147,
      -0.05862236022949219,
      -0.03478210046887398,
      -0.010503211989998817,
      -0.04906625300645828,
      -0.06827782839536667,
      -0.04299655556678772,
      -0.0423557385802269,
      -0.008240768685936928,
      -0.0328894667327404,
      -0.00176333449780941,
      -0.005581491626799107,
      -0.0028399494476616383,
      -0.01828557439148426,
      -0.041299715638160706,
      0.0007803710177540779
    ],
    "abs_cosine_similarity": [
      0.055459994822740555,
      0.08994980901479721,
      0.1243196353316307,
      0.09957826137542725,
      0.07637010514736176,
      0.09208008646965027,
      0.08340366184711456,
      0.061531323939561844,
      0.08004336804151535,
      0.0891747921705246,
      0.08578300476074219,
      0.06487193703651428,
      0.06685410439968109,
      0.0813705176115036,
      0.09309205412864685,
      0.07697727531194687,
      0.08684268593788147,
      0.05862236022949219,
      0.03478210046887398,
      0.010503211989998817,
      0.04906625300645828,
      0.06827782839536667,
      0.04299655556678772,
      0.0423557385802269,
      0.008240768685936928,
      0.0328894667327404,
      0.00176333449780941,
      0.005581491626799107,
      0.0028399494476616383,
      0.01828557439148426,
      0.041299715638160706,
      0.0007803710177540779
    ],
    "angle_degrees": [
      86.82073974609375,
      84.83927917480469,
      82.85852813720703,
      84.28511047363281,
      85.62004852294922,
      84.71671295166016,
      85.21576690673828,
      86.4722900390625,
      85.40894317626953,
      84.88386535644531,
      85.07894897460938,
      86.2804946899414,
      86.16668701171875,
      85.33264923095703,
      84.65848541259766,
      85.58515167236328,
      85.01800537109375,
      86.6392593383789,
      88.00672912597656,
      89.398193359375,
      87.18757629394531,
      86.08492279052734,
      87.53572082519531,
      87.57246398925781,
      89.52783203125,
      88.11522674560547,
      89.89896392822266,
      89.6801986694336,
      89.8372802734375,
      88.95225524902344,
      87.63302612304688,
      89.95528411865234
    ],
    "refusal_norms": [
      0.02445138990879059,
      0.04427514970302582,
      0.06813552230596542,
      0.1613665372133255,
      0.29018211364746094,
      0.37835782766342163,
      0.563022792339325,
      0.7888382077217102,
      1.1423801183700562,
      1.5144572257995605,
      2.244079113006592,
      2.888179302215576,
      3.5277323722839355,
      4.217628479003906,
      4.783595561981201,
      5.971521377563477,
      7.334342956542969,
      8.117671012878418,
      9.108325958251953,
      10.302299499511719,
      11.64913272857666,
      13.121085166931152,
      14.690207481384277,
      16.043956756591797,
      17.24922752380371,
      18.5806941986084,
      20.91769790649414,
      22.64784049987793,
      24.067424774169922,
      26.207658767700195,
      28.819807052612305,
      32.35873031616211
    ],
    "axis_norms": [
      0.05581868067383766,
      0.10791192203760147,
      0.17856816947460175,
      0.2856857478618622,
      0.38977983593940735,
      0.4747757315635681,
      0.5689086318016052,
      0.6596206426620483,
      0.7450531125068665,
      0.8636647462844849,
      0.9275538325309753,
      1.024364709854126,
      1.107627511024475,
      1.3184361457824707,
      1.3740531206130981,
      1.6011357307434082,
      1.8819928169250488,
      2.1091787815093994,
      2.5566320419311523,
      2.776238203048706,
      2.947918176651001,
      3.6884171962738037,
      3.9751923084259033,
      4.415868759155273,
      4.590575695037842,
      5.227315425872803,
      5.719266414642334,
      6.076969623565674,
      6.382077217102051,
      6.779993534088135,
      7.444671630859375,
      8.982769012451172
    ]
  }
}